,Supplier_Lead_Time,Inventory_Levels,Order_Frequency,Delivery_Performance,Cost_Per_Unit
Supplier_Lead_Time,1.0,0.1864157767338158,-0.8800202293019372,-0.9161435424000591,0.9555774171473277
Inventory_Levels,0.1864157767338158,1.0,-0.1555571959213634,-0.21121056777246308,0.15412059928704375
Order_Frequency,-0.8800202293019372,-0.1555571959213634,1.0,0.8435604337171446,-0.8523536672669421
Delivery_Performance,-0.9161435424000591,-0.21121056777246308,0.8435604337171446,1.0,-0.9175416778286755
Cost_Per_Unit,0.9555774171473277,0.15412059928704375,-0.8523536672669421,-0.9175416778286755,1.0
